{"cameraMode":{"drawMode":0,"name":"Shaded","section":"Shading Mode"},"sceneLighting":true,"audioPlay":false,"sceneViewState":{"m_AlwaysRefresh":false,"showFog":true,"showSkybox":true,"showFlares":true,"showImageEffects":true,"showParticleSystems":true,"showVisualEffectGraphs":true,"m_FxEnabled":true},"in2DMode":false,"pivot":{"x":-1.917483925819397,"y":1.1812916994094849,"z":-1.2527223825454713},"rotation":{"x":0.2972620129585266,"y":0.012910913676023484,"z":-0.004393234383314848,"w":0.954856812953949},"size":1.1785410642623902,"orthographic":false}